<?xml version='1.0' encoding='UTF-8'?>
<types:mule xmlns:types="http://www.mulesoft.org/schema/mule/types">
  <types:catalog>
    <types:type name="flight_json" format="json">
      <types:shape format="weave" example="flight-example.json"><![CDATA[%dw 2.0

type flight_json = {|
  airline: String, 
  flightCode: String, 
  fromAirportcode: String, 
  toAirportcode: String, 
  emptySeats: Number {"typeId": "int"}, 
  totalSeats: Number {"typeId": "int"}, 
  price: Number {"typeId": "int"}, 
  planeType: String
|} {"example": "{\\\"airline\\\":\\\"United\\\",\\\"flightCode\\\":\\\"ER38sd\\\",\\\"fromAirportcode\\\":\\\"LAX\\\",\\\"toAirportcode\\\":\\\"SFO\\\",\\\"emptySeats\\\":0,\\\"totalSeats\\\":200,\\\"price\\\":199,\\\"planeType\\\":\\\"Boeing 737\\\"}"}

]]></types:shape>
    </types:type>
  </types:catalog>
  <types:enrichment select="#a551eee4-b659-4b09-b6de-e32e7293e9e3"/>
  <types:enrichment select="#aeaf168a-d0db-4d65-b5a6-35258188bb1b"/>
</types:mule>