<?xml version="1.0" encoding="UTF-8"?>

<mule xmlns:http="http://www.mulesoft.org/schema/mule/http" xmlns:ee="http://www.mulesoft.org/schema/mule/ee/core"
	xmlns="http://www.mulesoft.org/schema/mule/core"
	xmlns:doc="http://www.mulesoft.org/schema/mule/documentation" xmlns:xsi="http://www.w3.org/2001/XMLSchema-instance" xsi:schemaLocation="http://www.mulesoft.org/schema/mule/core http://www.mulesoft.org/schema/mule/core/current/mule.xsd
http://www.mulesoft.org/schema/mule/ee/core http://www.mulesoft.org/schema/mule/ee/core/current/mule-ee.xsd
http://www.mulesoft.org/schema/mule/http http://www.mulesoft.org/schema/mule/http/current/mule-http.xsd">
	<http:listener-config name="HTTP_Listener_config" doc:name="HTTP Listener config" doc:id="0783e1ca-a955-408e-9ee6-3fc8fdf78b30" >
		<http:listener-connection host="0.0.0.0" port="8081" />
	</http:listener-config>
	<flow name="postFlightFlow" doc:id="047dec98-2b88-4f4f-bdd6-20a4b156679e">
		<http:listener doc:name="HTTP" doc:id="a551eee4-b659-4b09-b6de-e32e7293e9e3" config-ref="HTTP_Listener_config" path="/flights" allowedMethods="POST" />
		<ee:transform doc:name="Transform Message" doc:id="aeaf168a-d0db-4d65-b5a6-35258188bb1b" >
			<ee:message >
				<ee:set-payload ><![CDATA[%dw 2.0
output application/json
---
payload
]]></ee:set-payload>
			</ee:message>
		</ee:transform>
		<logger level="INFO" doc:name="Logger" doc:id="15b106b7-c16c-4737-a115-d645054ba0cb" message="#[payload]"/>
	</flow>
</mule>
