<?xml version="1.0" encoding="UTF-8"?>

<mule xmlns:validation="http://www.mulesoft.org/schema/mule/validation" xmlns:http="http://www.mulesoft.org/schema/mule/http"
	xmlns="http://www.mulesoft.org/schema/mule/core"
	xmlns:doc="http://www.mulesoft.org/schema/mule/documentation" xmlns:xsi="http://www.w3.org/2001/XMLSchema-instance" xsi:schemaLocation="http://www.mulesoft.org/schema/mule/core http://www.mulesoft.org/schema/mule/core/current/mule.xsd
http://www.mulesoft.org/schema/mule/http http://www.mulesoft.org/schema/mule/http/current/mule-http.xsd
http://www.mulesoft.org/schema/mule/validation http://www.mulesoft.org/schema/mule/validation/current/mule-validation.xsd">
	<http:listener-config name="HTTP_Listener_config" doc:name="HTTP Listener config" doc:id="6f2435e2-4e06-41df-aa61-532f1812c524" >
		<http:listener-connection host="0.0.0.0" port="8081" />
	</http:listener-config>
	<validation:config name="Validation_Config" doc:name="Validation Config" doc:id="c4fa95ca-a3d8-454e-9e7e-8e6b03aaef81" />
	<validation:config name="Validation_Config1" doc:name="Validation Config" doc:id="bf91ddcf-4c58-4b68-bede-5c07d5ed6bc5" />
	<validation:config name="Validation_Config2" doc:name="Validation Config" doc:id="af140afd-7132-44fc-92b6-776c9bdbdeea" />
	<flow name="assignmentFlow" doc:id="60dada98-792f-4904-83b4-f0babaf4838f" >
		<http:listener doc:name="Listener" doc:id="ec31e86a-035c-4d91-b8ae-3a55be664bdb" config-ref="HTTP_Listener_config" path="/validate"/>
		<validation:is-not-null doc:name="is not valid" doc:id="af066bef-9c41-4ab4-b430-f3fee07c97ef" config-ref="Validation_Config2" value="#[payload.email]"/>
		<logger level="INFO" doc:name="Logger" doc:id="c491a2b4-4825-4974-90b8-2be4dc50d65d" message='#["completed"]'/>
	</flow>
</mule>
